Section,Element,Content
Meta,Title,Kapcsolat - Sugallat Kft.
Meta,Description,Kapcsolatfelv√©tel a Sugallat Kft.-vel. Benk√≥ Istv√°n Zsolt igazgat√≥ bemutat√°sa, el√©rhet≈ës√©gek √©s irodai inform√°ci√≥k.
Hero,Title,El√©rhet≈ës√©geink
Hero,Description,Vegye fel vel√ºnk a kapcsolatot! Tapasztalt csapatunk k√©szen √°ll, hogy seg√≠tsen projektj√©ben.
Contact Info,Card 1 Title,E-mail
Contact Info,Card 1 Content,benko@sugallat.hu
Contact Info,Card 2 Title,Telefon
Contact Info,Card 2 Content,Tel/fax: +36-23-333-853<br>Mobil: +36-20-424-5411
Contact Info,Card 3 Title,C√≠m
Contact Info,Card 3 Content,2461 T√°rnok, ≈êsz u. 12.
Contact Form,Title,Kapcsolatfelv√©tel
Contact Form,Name Label,N√©v *
Contact Form,Email Label,E-mail c√≠m *
Contact Form,Phone Label,Telefonsz√°m
Contact Form,Company Label,C√©g neve
Contact Form,Message Label,√úzenet *
Contact Form,Message Placeholder,K√©rj√ºk, r√©szletesen √≠rja le k√©r√©s√©t...
Contact Form,GDPR Text,Elfogadom az adatkezel√©si t√°j√©koztat√≥t √©s hozz√°j√°rulok szem√©lyes adataim kezel√©s√©hez kapcsolatfelv√©teli c√©lb√≥l. *
Contact Form,Submit Button,√úzenet k√ºld√©se
Director,Name,Benk√≥ Istv√°n Zsolt
Director,Title,√úgyvezet≈ë k√∂zbeszerz√©si szak√©rt≈ë
Director,Description 1,1996 √≥ta vezeti a Sugallat Kft.-t, t√∂bb mint 25 √©ves szakmai tapasztalattal a k√∂zbeszerz√©si √©s projektmenedzsment ter√ºlet√©n. Kiv√°l√≥ szak√©rt≈ëi h√°ttere √©s m√©lyrehat√≥ ismeretei r√©v√©n biztos√≠tja a probl√©mamentes √ºgymenetet.
Director,Description 2,A Sugallat Kft. √©s munkat√°rsai szerepelnek a hivatalos k√∂zbeszerz√©si tan√°csad√≥i n√©vjegyz√©kben, ami bizony√≠tja szakmai hozz√°√©rt√©s√ºket √©s megb√≠zhat√≥s√°gukat.
Director,Expertise Tag 1,K√∂zbeszerz√©s
Director,Expertise Tag 2,Projektmenedzsment
Director,Expertise Tag 3,P√°ly√°zat√≠r√°s
Director,Expertise Tag 4,M≈±szaki tervez√©s
Director,Expertise Tag 5,25+ √©v tapasztalat
Office Location,Title,Irod√°nk elhelyezked√©se
Office Location,Address Title,T√°rnok, ≈êsz utca 12.
Office Location,Address Description,Irod√°nk T√°rnokon, a v√°r√°llom√°sr√≥l indul√≥ Hazat√©r≈ëk √∫tj√°b√≥l jobbra ny√≠l√≥ ≈êsz utca elej√©n, a 12. sz√°m alatt tal√°lhat√≥.
Office Location,Car Access Title,Megk√∂zel√≠t√©s aut√≥val:
Office Location,Car Access Description,Budapest fel≈ël az M7 aut√≥p√°ly√°r√≥l √ârdet elhagyva, a "Region√°lis Hullad√©kkezel≈ë K√∂zpont" t√°bla ut√°n, a T√°rnoki csom√≥pontn√°l kell kihajtani, majd a k√∂rforgalmat T√°rnok ir√°ny√°ban elhagyni.
Office Location,Public Transport Title,T√∂megk√∂zleked√©ssel:
Office Location,Public Transport Description,A sz√©kesfeh√©rv√°ri vonalon T√°rnok √°llom√°son lesz√°llva, majd a Hazat√©r≈ëk √∫tj√°n v√©gigs√©t√°lva a R√°k√≥czi √∫ti keresztez≈ëd√©st k√∂vet≈ëen az ≈êsz utca a 4. utca jobbra.
Office Location,Map Text,üìç T√©rk√©p megtekint√©se
Office Location,Map Address,2461 T√°rnok, ≈êsz u. 12.
Office Location,Map Link Text,Kattintson a Google Maps megnyit√°s√°hoz
CTA,Title,K√©szen √°llunk seg√≠teni
CTA,Description,Vegye fel vel√ºnk a kapcsolatot m√©g ma, √©s besz√©lj√ºk meg, hogyan tudjuk legjobban t√°mogatni projektj√©t

